Name,Type,Cup_size,Sugar_Level,Milk_Level,Count,Date
Rooibos,Tea,Small,1,2,1,2024-05-22 10:24:25
Rooibos,Tea,Small,2,2,1,2024-05-22 10:24:29
Cinnamon,Tea,Large,3,2,1,2024-05-22 10:24:34
Peppermint,Tea,Small,1,1,1,2024-05-22 10:24:39
Greentea,Tea,Medium,2,0,1,2024-05-22 10:24:43
Chamomile,Tea,Small,2,1,1,2024-05-22 10:24:47
Espresso,Coffee,Medium,3,2,1,2024-05-22 10:24:54
Espresso,Coffee,Small,1,1,1,2024-05-22 10:24:58
Espresso,Coffee,Large,4,2,1,2024-05-22 10:25:02
Cuppaccino,Coffee,Small,2,2,1,2024-05-22 10:25:07
Americano,Coffee,Large,1,2,1,2024-05-22 10:25:11
Americano,Coffee,Large,2,2,1,2024-05-22 10:25:16
Macchiato,Coffee,Small,2,1,1,2024-05-22 10:25:20
Latte,Coffee,Small,1,1,1,2024-05-22 10:25:25
Cuppaccino,Coffee,Large,1,4,1,2024-05-22 10:25:30
Latte,Coffee,Medium,1,1,1,2024-05-22 10:38:30
Cuppaccino,Coffee,Small,3,1,1,2024-05-22 10:38:33
Mocha,Coffee,Medium,3,0,1,2024-05-22 10:38:36
Macchiato,Coffee,Medium,3,2,1,2024-05-22 10:38:40
Americano,Coffee,Small,3,1,1,2024-05-22 10:38:43
Rooibos,Tea,Small,1,1,1,2024-05-22 10:38:48
Peppermint,Tea,Medium,1,1,1,2024-05-22 10:38:52
Greentea,Tea,Medium,2,1,1,2024-05-22 10:38:55
Cinnamon,Tea,Medium,3,1,1,2024-05-22 10:38:58
Chamomile,Tea,Medium,3,1,1,2024-05-22 10:39:03
Ceylon,Tea,Medium,3,1,1,2024-05-22 10:39:07
Rooibos,Tea,Medium,3,1,1,2024-05-22 10:40:20
Peppermint,Tea,Medium,3,1,1,2024-05-22 10:40:26
Greentea,Tea,Medium,1,0,1,2024-05-22 10:40:29
Cinnamon,Tea,Medium,1,1,1,2024-05-22 10:40:34
Chamomile,Tea,Large,3,1,1,2024-05-22 10:40:38
Ceylon,Tea,Large,3,1,1,2024-05-22 10:40:42
Latte,Coffee,Medium,3,1,1,2024-05-22 10:40:48
Cuppaccino,Coffee,Medium,3,1,1,2024-05-22 10:40:51
Americano,Coffee,Medium,3,1,1,2024-05-22 10:40:54
Macchiato,Coffee,Small,2,1,1,2024-05-22 10:40:59
Americano,Coffee,Medium,2,1,1,2024-05-22 10:41:05
Cuppaccino,Coffee,Large,3,1,1,2024-05-22 10:42:39
Espresso,Coffee,Medium,3,1,1,2024-05-22 10:42:43
Latte,Coffee,Medium,3,1,1,2024-05-22 10:42:47
Macchiato,Coffee,Medium,3,1,1,2024-05-22 10:42:51
Americano,Coffee,Large,3,1,1,2024-05-22 10:42:54
Mocha,Coffee,Small,3,1,1,2024-05-22 10:42:58
Cuppaccino,Coffee,Medium,2,1,1,2024-05-22 10:45:32
Peppermint,Tea,Small,1,1,1,2024-05-22 10:45:38
Rooibos,Tea,Medium,3,2,1,2024-05-22 10:46:13
Latte,Coffee,Medium,2,1,1,2024-05-22 10:46:19
Cuppaccino,Coffee,Medium,2,1,1,2024-05-22 10:55:56
Espresso,Coffee,Small,2,1,1,2024-05-22 10:55:59
Latte,Coffee,Small,2,1,1,2024-05-22 10:56:01
Rooibos,Tea,Medium,3,1,1,2024-05-22 10:56:07
Chamomile,Tea,Medium,2,1,1,2024-05-22 10:56:11
Greentea,Tea,Medium,2,0,1,2024-05-22 10:56:14
Cinnamon,Tea,Small,1,1,1,2024-05-22 10:56:18
Chamomile,Tea,Small,2,1,1,2024-05-22 14:21:16
Greentea,Tea,Small,2,0,1,2024-05-22 14:33:06
Latte,Coffee,Small,1,1,1,2024-05-22 14:33:13
Peppermint,Tea,Medium,2,2,1,2024-05-23 16:18:27
Americano,Coffee,Small,3,3,1,2024-05-23 16:18:38
Americano,Coffee,Large,1,1,1,2024-05-23 16:32:06
Cinnamon,Tea,Large,2,2,1,2024-05-23 16:32:13
Rooibos,Tea,Medium,2,0,1,2024-05-23 16:32:17
Cinnamon,Tea,Small,1,1,1,2024-05-23 17:40:23
Rooibos,Tea,Medium,3,2,1,2024-05-23 17:42:32
Ceylon,Tea,Large,4,3,1,2024-05-23 17:42:56
Cinnamon,Tea,Small,4,1,1,2024-05-23 17:43:06
Chamomile,Tea,Medium,2,2,1,2024-05-23 17:43:12
Cuppaccino,Coffee,Medium,0,0,1,2024-05-23 17:43:21
Espresso,Coffee,Small,1,0,1,2024-05-23 17:43:26
Latte,Coffee,Large,3,0,1,2024-05-23 17:43:32
Macchiato,Coffee,Medium,3,0,1,2024-05-23 17:43:39
Mocha,Coffee,Small,1,0,1,2024-05-23 17:43:45
Americano,Coffee,Small,2,2,1,2024-05-23 17:43:53
Americano,Coffee,Medium,2,1,1,2024-05-23 17:44:04
Cuppaccino,Coffee,Small,1,0,1,2024-05-23 17:44:07
Espresso,Coffee,Medium,0,0,1,2024-05-23 17:44:10
Latte,Coffee,Large,0,0,1,2024-05-23 17:44:15
Macchiato,Coffee,Medium,0,0,1,2024-05-23 17:44:18
Mocha,Coffee,Large,0,0,1,2024-05-23 17:44:21
Americano,Coffee,Medium,0,0,1,2024-05-23 17:44:25
Cuppaccino,Coffee,Small,1,0,1,2024-05-23 17:44:28
Espresso,Coffee,Small,2,0,1,2024-05-23 17:44:32
Latte,Coffee,Medium,1,0,1,2024-05-23 17:44:38
Macchiato,Coffee,Medium,1,0,1,2024-05-23 17:44:42
Mocha,Coffee,Small,2,0,1,2024-05-23 17:44:48
Americano,Coffee,Medium,2,2,1,2024-05-23 17:44:53
Peppermint,Tea,Medium,3,2,1,2024-05-23 17:45:03
Rooibos,Tea,Medium,1,0,1,2024-05-23 17:45:08
Greentea,Tea,Medium,1,3,1,2024-05-23 17:45:14
Cinnamon,Tea,Medium,2,0,1,2024-05-23 17:45:19
Chamomile,Tea,Small,3,2,1,2024-05-23 17:45:26
Ceylon,Tea,Large,2,2,1,2024-05-23 17:45:32
Rooibos,Tea,Medium,2,0,1,2024-05-23 17:45:37
Peppermint,Tea,Large,2,1,1,2024-05-23 17:45:43
Cinnamon,Tea,Large,2,1,1,2024-05-23 17:45:51
Chamomile,Tea,Small,2,1,1,2024-05-23 17:45:57
Ceylon,Tea,Medium,2,0,1,2024-05-23 17:46:02
Rooibos,Tea,Medium,1,0,1,2024-05-23 17:46:08
Peppermint,Tea,Medium,1,0,1,2024-05-23 17:46:12
Greentea,Tea,Large,1,1,1,2024-05-23 17:46:19
Ceylon,Tea,Small,2,0,1,2024-05-23 17:46:32
Peppermint,Tea,Medium,2,2,1,2024-05-23 17:46:38
Rooibos,Tea,Large,2,1,1,2024-05-23 17:46:43
Greentea,Tea,Medium,2,2,1,2024-05-23 17:46:48
Cinnamon,Tea,Small,2,2,1,2024-05-23 17:46:53
Chamomile,Tea,Medium,2,1,1,2024-05-23 17:46:58
Ceylon,Tea,Small,2,2,1,2024-05-23 17:47:05
Rooibos,Tea,Small,2,0,1,2024-05-23 17:47:08
Peppermint,Tea,Small,0,2,1,2024-05-23 17:47:14
Greentea,Tea,Medium,2,0,1,2024-05-23 17:47:20
Cinnamon,Tea,Large,1,1,1,2024-05-23 17:47:24
Chamomile,Tea,Medium,2,2,1,2024-05-23 17:47:30
Ceylon,Tea,Small,2,2,1,2024-05-23 17:47:36
Cuppaccino,Coffee,Medium,0,1,1,2024-05-23 17:49:32
Espresso,Coffee,Small,1,0,1,2024-05-23 17:49:46
Espresso,Coffee,Medium,2,0,1,2024-05-23 17:49:50
Latte,Coffee,Large,0,0,1,2024-05-23 17:49:54
Macchiato,Coffee,Large,0,0,1,2024-05-23 17:50:03
Mocha,Coffee,Medium,1,0,1,2024-05-23 17:50:06
Americano,Coffee,Large,1,0,1,2024-05-23 17:50:10
Cuppaccino,Coffee,Medium,1,0,1,2024-05-23 17:50:12
Espresso,Coffee,Small,1,1,1,2024-05-23 17:50:16
Latte,Coffee,Large,1,0,1,2024-05-23 17:50:22
Macchiato,Coffee,Medium,0,0,1,2024-05-23 17:50:29
Mocha,Coffee,Large,0,0,1,2024-05-23 17:50:32
Americano,Coffee,Medium,0,0,1,2024-05-23 17:50:34
Cuppaccino,Coffee,Small,0,0,1,2024-05-23 17:50:36
Espresso,Coffee,Medium,0,0,1,2024-05-23 17:50:39
Latte,Coffee,Large,0,0,1,2024-05-23 17:50:42
Macchiato,Coffee,Small,0,0,1,2024-05-23 17:50:44
Mocha,Coffee,Medium,0,0,1,2024-05-23 17:50:46
Americano,Coffee,Large,0,0,1,2024-05-23 17:50:48
Cuppaccino,Coffee,Small,0,0,1,2024-05-23 17:50:50
Espresso,Coffee,Medium,0,0,1,2024-05-23 17:50:52
Latte,Coffee,Medium,0,0,1,2024-05-23 17:50:55
Mocha,Coffee,Small,0,0,1,2024-05-23 17:50:58
Mocha,Coffee,Medium,0,0,1,2024-05-23 17:51:01
Americano,Coffee,Large,0,0,1,2024-05-23 17:51:04
Cuppaccino,Coffee,Medium,0,0,1,2024-05-23 17:51:05
Espresso,Coffee,Small,0,0,1,2024-05-23 17:51:07
Latte,Coffee,Large,0,0,1,2024-05-23 17:51:09
Macchiato,Coffee,Medium,0,0,1,2024-05-23 17:51:15
Mocha,Coffee,Large,0,0,1,2024-05-23 17:51:18
Americano,Coffee,Medium,0,0,1,2024-05-23 17:51:20
Cuppaccino,Coffee,Small,0,0,1,2024-05-23 17:51:23
Espresso,Coffee,Small,1,0,1,2024-05-23 17:51:26
Latte,Coffee,Small,1,0,1,2024-05-23 17:51:29
Cuppaccino,Coffee,Small,0,0,1,2024-05-23 17:51:32
Mocha,Coffee,Small,1,0,1,2024-05-23 17:51:36
Americano,Coffee,Small,2,0,1,2024-05-23 17:51:41
Cuppaccino,Coffee,Medium,2,0,1,2024-05-23 17:51:46
Espresso,Coffee,Small,1,0,1,2024-05-23 17:51:49
Latte,Coffee,Small,1,0,1,2024-05-23 17:51:53
Macchiato,Coffee,Medium,0,0,1,2024-05-23 17:51:57
Mocha,Coffee,Large,0,0,1,2024-05-23 17:51:59
Americano,Coffee,Medium,0,0,1,2024-05-23 17:52:02
Espresso,Coffee,Small,1,0,1,2024-05-23 17:52:04
Cuppaccino,Coffee,Small,1,0,1,2024-05-23 17:52:07
Espresso,Coffee,Small,0,0,1,2024-05-23 17:52:08
Espresso,Coffee,Medium,0,0,1,2024-05-23 17:52:10
Latte,Coffee,Small,0,0,1,2024-05-23 17:52:12
Macchiato,Coffee,Medium,0,0,1,2024-05-23 17:52:15
Mocha,Coffee,Medium,0,0,1,2024-05-23 17:52:17
Americano,Coffee,Large,0,0,1,2024-05-23 17:52:19
Cuppaccino,Coffee,Small,0,0,1,2024-05-23 17:52:22
Cuppaccino,Coffee,Small,0,0,1,2024-05-23 17:52:25
Espresso,Coffee,Small,0,0,1,2024-05-23 17:52:27
Latte,Coffee,Small,0,0,1,2024-05-23 17:52:29
Macchiato,Coffee,Small,0,0,1,2024-05-23 17:52:31
Mocha,Coffee,Medium,0,0,1,2024-05-23 17:52:34
Americano,Coffee,Large,0,0,1,2024-05-23 17:52:36
Cuppaccino,Coffee,Small,0,0,1,2024-05-23 17:52:38
Espresso,Coffee,Large,0,0,1,2024-05-23 17:52:40
Latte,Coffee,Medium,0,0,1,2024-05-23 17:52:43
Macchiato,Coffee,Small,0,0,1,2024-05-23 17:52:46
Mocha,Coffee,Medium,0,0,1,2024-05-23 17:52:48
Americano,Coffee,Large,0,0,1,2024-05-23 17:52:51
Rooibos,Tea,Small,2,0,1,2024-05-23 17:52:58
Peppermint,Tea,Medium,2,0,1,2024-05-23 17:53:03
Greentea,Tea,Large,2,0,1,2024-05-23 17:53:09
Cinnamon,Tea,Small,2,0,1,2024-05-23 17:53:12
Chamomile,Tea,Large,1,0,1,2024-05-23 17:53:16
Ceylon,Tea,Medium,2,2,1,2024-05-23 17:53:22
Rooibos,Tea,Small,2,0,1,2024-05-23 17:53:25
Peppermint,Tea,Medium,1,1,1,2024-05-23 17:53:47
Chamomile,Tea,Large,2,2,1,2024-05-23 17:53:54
Ceylon,Tea,Small,2,1,1,2024-05-23 17:54:00
Greentea,Tea,Medium,1,2,1,2024-05-23 17:54:06
Rooibos,Tea,Large,1,1,1,2024-05-23 17:54:15
Peppermint,Tea,Medium,1,1,1,2024-05-23 17:54:21
Rooibos,Tea,Small,1,0,1,2024-05-23 17:54:23
Rooibos,Tea,Medium,0,0,1,2024-05-23 17:54:30
Peppermint,Tea,Large,0,0,1,2024-05-23 17:54:32
Greentea,Tea,Medium,0,0,1,2024-05-23 17:54:34
Cinnamon,Tea,Medium,0,0,1,2024-05-23 17:54:37
Chamomile,Tea,Large,0,0,1,2024-05-23 17:54:38
Ceylon,Tea,Large,0,0,1,2024-05-23 17:54:42
Rooibos,Tea,Small,2,1,1,2024-05-23 18:58:15
Rooibos,Tea,Medium,1,1,1,2024-05-23 18:58:21
Espresso,Coffee,Medium,2,1,1,2024-05-23 18:58:26
Latte,Coffee,Large,2,0,1,2024-05-23 18:58:31
Americano,Coffee,Small,2,0,1,2024-05-23 18:58:34
Rooibos,Tea,Small,1,1,1,2024-05-27 18:13:26
Cinnamon,Tea,Medium,3,2,1,2024-05-27 18:13:33
Espresso,Coffee,Large,2,1,1,2024-05-27 18:13:44
Peppermint,Tea,Small,0,0,1,2024-06-04 17:17:27
Greentea,Tea,Small,2,0,1,2024-06-04 17:17:32
Chamomile,Tea,Medium,2,0,1,2024-06-04 17:17:36
Mocha,Coffee,Small,0,0,1,2024-06-04 17:17:42
Latte,Coffee,Medium,2,0,1,2024-06-04 17:19:53
Americano,Coffee,Small,0,0,1,2024-06-04 17:19:56
Cuppaccino,Coffee,Medium,2,0,1,2024-06-04 17:20:00
